GUID,Key,Value,Source
h2f00286fg98feg42abg84a5gb9d4fcce838e,Accuracy,"Your chance to hit an enemy. On miss, you trigger Warmup which increase your Accuracy and Movement (improved by Warfare), stackable up to 4 times.",Attributes.lsb
h278d3a4fg4dceg4362g9b35g9c3685c93268,Damage,The damage you inflict when successfully hitting an enemy or object.,Attributes.lsb
hb924258ag2cf7g4c11gaf4eg8b7de303c197,DynamicBonus, ,Attributes.lsb
h75391bafg8744g4441g9b1egf52f182f96fc,Finesse,Increases all damage by [1]% per point. Dodge is increased by [2]% and Movement by [3]m per AP per point. Increase Accuracy bonus cap from Intelligence by [4]%.,Attributes.lsb
h6b67efcagf943g43a1g959eg36f9ecc42e7e,Intelligence,"Increases all damage by [1]% per point. Damage dealt by skills is further increased by [2]% (but also wand attacks) and Accuracy by [3]% per point. Each point also increase Ingress by [4], up to the cap set by Strength and increase Wisdom bonus cap from Wits by [5].",Attributes.lsb
h18f97d5bg9a79g4917g809dgb0ac7a5ec302,Strength,Increases all damage by [1]% per point. Damage dealt with weapons (except wands) are further increased by [2]%. Increase Ingress bonus cap from Intelligence by [3]. Allows you to lift and carry heavier items.,Attributes.lsb
h6d2cd8aeg4e09g4003ga57cg3fea3a0f5502,Wits,"Wits increase Critical Chance by [1]%, Initiative by [2], increases damage dealt by damaging statuses by [3]% per point and your ability to detect traps and find hidden treasures. Increase Wisdom by [4]%, up to the cap set by Intelligence.",Attributes.lsb
h768669d0g02adg48f7g901eg83068a96bf19,Dual-Wielding_Description,Dual-Wielding increases damage and Dodging when wielding two Single-Handed weapons and increases off-hand damage.,CombatAbilities.lsb
h03d68693g35e7g4721ga1b3g9f9882f08b12,Dual-Wielding_Displayname,Dual-Wielding,CombatAbilities.lsb
h8b09bd1cg68deg4987g9494g540c9d948538,DualWieldingOffhandBonusTooltip,Offhand bonus: [1]% (high ability nullify the base penalty),CombatAbilities.lsb
he3980bf8gf554g4dd8g823cgf2ccb71036a6,DualWieldingPenalty,Offhand penalty: [1]%,CombatAbilities.lsb
h092684e6gbf69g4372g99f8g4743516b0efe,DualWieldingPenaltyTooltip,Offhand penalty: [1]% (penalty reduced by [2]% from Dual-Wielding),CombatAbilities.lsb
hc5d5552bg6b33g44c1gbb0cg8d55a101f081,DualWieldingTooltipCurrent,"Level [1]: +[2]% Damage, +[3]% Dodging and increase Offhand damage by [4]%.",CombatAbilities.lsb
h2baa6ed9gdca0g4731gb999g098d9c2d90b0,DualWieldingTooltipNew,"Next Level [1]: +[2]% Damage, +[3]% Dodging and increase Offhand damage by [4]%.",CombatAbilities.lsb
hc4400964gcf4bg429cg882cg9e90ba8cf0ce,HydrosophistCurrent,"Level [1]: Water attacks deal +[2]% more damage, +[3]% Vitality healed, +[4]% Magic Armour from skills and potions.",CombatAbilities.lsb
h0a8b0b59g5da9g483fg86a3g59afce30dbb7,HydrosophistNext,"Next Level [1]: Water attacks deal +[2]% more damage, +[3]% Vitality healed, +[4]% Magic Armour from skills and potions.",CombatAbilities.lsb
h8256bf13gb4cag4662gaafegb5724b210c92,Leadership_Description,[1] grants Dodging and Resistance bonuses to all allies in a 16m radius.,CombatAbilities.lsb
h1bae56a9ga45fg431fg80bfg2afbef03c1d2,Perseverance_Description,"Perseverance restores Magic Armour on recovering from Frozen or Stunned, and restores Physical Armour on recovering from Knocked Down or Petrified. Additionally, when you're incapacitated (Knocked Down, Petrified, Stunned, Frozen or similar) your resistances are increased. When recovering from a Staggered or Confused status, Perseverance also triggers but its effect is halved.",CombatAbilities.lsb
h5d0c3ad0g3d9dg4cf1g92b7g20d6d7d26344,PerseveranceTooltipCurrent,Level [1]: Recover [2] Armour when a hard crowd control effect expires and +[3]% on all Resistances when incapacitated.,CombatAbilities.lsb
h443a51dcgbd6fg46c2g8988gbfe93a3123a5,PerseveranceTooltipNew,Next Level [1]: Recover [2] Armour when a hard crowd control effect expires and +[3]% on all Resistances when incapacitated.,CombatAbilities.lsb
h54f2ea13g97dbg4b86g9d13geeb81186faca,Ranged_Description,"Ranged increases damage and Critical Chance when using bows and crossbows. Also increases the range when wielding a bow, crossbow or wand(s).",CombatAbilities.lsb
he86bfd28ge123g42a4g8c0cg2f9bcd7d9e05,RangedTooltipCurrent,"Level [1]: +[2]% Damage, +[3]% Critical Chance and increase Range by [4]m.",CombatAbilities.lsb
hffc37ae5g6651g4a60ga1c1g49d233cb1ca2,RangedTooltipNew,"Next Level [1]: +[2]% Damage, +[3]% Critical Chance and increase Range by [4]m.",CombatAbilities.lsb
h3e8d0f43g5060g48d8g95cag541abe3a7c08,RangedWeaponsDynamicTooltip,Receive a [1]% Damage penalty if the target is closer than [2] meters,CombatAbilities.lsb
h751cb9fcgcc15g485fg80dag96d013bb5fff,Single-Handed_Description,"Single-Handed increases damage and Accuracy when using a single-handed weapon (dagger, sword, axe, mace or wand) with a shield or empty off-hand. Also increases armours and resistances.",CombatAbilities.lsb
h206ce4abg4f84g4b2dg934aga0d96a602f2c,Two-Handed_Description,"Two-Handed increases damage and Critical Multiplier when using two-handed melee weapons (swords, axe, mace, spear or staff).",CombatAbilities.lsb
hae8649cfg3688g43b4gb137gdae29b32492e,Warfare_Description,[1] increases all Physical damage you deal and improve your Warmup status.,CombatAbilities.lsb
h2443a42egd7abg4116g95b4g8036050c3bd3,Warfare_TooltipCurrent,"Next Level [1]: Physical attacks deal +[2]% more damage, Warmup accuracy bonus increased by [3]% and movement bonus is increased by [4]% per stack.",CombatAbilities.lsb
ha4b72525g51d5g434cgbdf9g3a4ec57319aa,Warfare_TooltipNext,"Level [1]: Physical attacks deal +[2]% more damage, Warmup accuracy bonus increased by [3]% and movement bonus is increased by [4]% per stack.",CombatAbilities.lsb
hdf2a4bd0g134eg4107g9a8agd93d6d22fd68,AttributesGeneralBonusDynamicTooltip,From Attributes : [1]%,Misc.lsb
he534e470gb8a2g4032gbd9bgee0ac41f1f0f,BuiltinWeaponEnhancementTooltip,,Misc.lsb
hb24edf38gd48ag477fgbf75g3bd3de8c6eec,Corrogic,Resistance Corrosion,Misc.lsb
h9df517d1gf64bg499dgb23fg462fd1f061bc,CriticalChanceDescription,"Your chance to Critically Strike when attacking with a weapon or when using a weapon-based skill. If you Backstab, your Critical Chance is converted to additional damage : for 1% of Critical Chance, you gain [1]% damage.",Misc.lsb
h7fec5db8g58d3g4abbgab7ag03e19b542bef,DamageDynamicTooltip,Total damage: [1]-[2],Misc.lsb
h2e87e6cfg0183g4968g8ec1g325614c7d9fa,FinesseDynamicTooltip,"+[1] point(s) = +[2]% to all Damage, +[3]% Dodge, +[4]m of movement per AP and +[5]% to Accuracy cap (given by Intelligence).",Misc.lsb
h58e777ddgd569g4c0dg8f58gece56cce053d,IntelligenceDynamicTooltip,"+[1] point(s) = +[2]% to all Damage, +[3]% more for skills, +[4]% Accuracy[5], Ingress by [6]% [7]and Wisdom cap from Wits by [8].",Misc.lsb
hf338b2c0gd158g49b4ga2ceg15a7099a4b7b,IntelligenceSkillDamageTooltip,Skills gets a bonus of +[1]% from Intelligence,Misc.lsb
h2ce13614gab6cg4878gb781gcb3186a8ead9,Shout_FrostAura,Reduce damage going through Magic Armour by [1]%,Misc.lsb
h50e9548eg61f2g4aedg8a3eg570a7ffee6d3,Shout_MendMetal,Reduce damage going through Physical Armour by [1]%,Misc.lsb
hf7a19975gea84g44a3g8fffg5b4f063b88b4,Shout_RecoverArmour,Reduce damage going through Physical and Magic Armour by [1]%,Misc.lsb
he47a8a79g2f04g410bgbf00gd6b2a84ba9a5,Shout_SteelSkin,Reduce damage going through Physical Armour by [1]%,Misc.lsb
h70707bb2g5a48g4571g9a68ged2fe5a030ea,SingleHandedTooltipCurrent,"Level [1]: +[2]% Damage, +[3]% accuracy, +[4]% armours and +[5]% to Elemental Resistances.",Misc.lsb
h2afdc1f0g4650g4ea9gafb7gb0c042367766,SingleHandedTooltipNew,"Next Level [1]: +[2]% Damage, +[3]% accuracy, +[4]% armours and +[5]% to Elemental Resistances.",Misc.lsb
h1e5caa33g4d5dg4f42g91edg9f546d42f56b,StaffDynamicTooltip,Increases all Skill damage by [1]%.,Misc.lsb
he1708d1eg243dg4b72g8f48gddb9bc8d62ff,StrengthDynamicTooltip,+[1] point(s) = +[2]% to all Damage and +[3]% more for weapon-based attacks and +[4]% to Ingress cap (given by Intelligence).,Misc.lsb
ha418e064g2d69g4407gadc2gf2f590f0e895,StrengthWeaponDamageTooltip,From Strength weapon bonus : [1]%,Misc.lsb
h5806fbdcgce18g421dg8affg316856abad0f,Target_Condense,Refund 1 AP on use if the user is Wet.,Misc.lsb
h456b2bf0gf693g41e8gb01cg42e3548814a2,Target_EvasiveManeuver,Prevent the attacker to Warmup when you dodge.,Misc.lsb
hdc60c039gac18g416cgb2a0g3d58fc54afcc,Target_Fortify,Reduce damage going through Physical Armour by [1]%,Misc.lsb
hf2f2ceb4g7be9g453fgb093ga8d7c563f782,Target_FrostyShell,Reduce damage going through Magic Armour by [1]%,Misc.lsb
h8afcfe4egf50fg402agbcc0g6ba95472ff53,Teleportation_FreeFall,Enemies can only be targeted if one of their armour is depleted.,Misc.lsb
h656cf1ffgd118g40b8g9b1bgaa270b84bec8,Teleportation_NetherSwap,Enemies can only be targeted if one of their armour is depleted.,Misc.lsb
hddb00621g65ddg46acg89d2gfcf3efd8cd78,TentacleLashAdditionalDescription,Also triggers the Strength weapon bonus.,Misc.lsb
h6e9ec88dgcbb7g426bgb1d9g69df0240825a,TwoHandedTooltipCurrent,"Level [1]: +[2]% Damage, +[3]% Critical Multiplier.",Misc.lsb
hda7ee9a4g5bbeg4c62g96b7ge31b21e094f3,TwoHandedTooltipNew,"Next Level [1]: +[2]% Damage, +[3]% Critical Multiplier.",Misc.lsb
h314ee256g43cdg4864ga519gd23e909ec63e,WandDynamicTooltip,Increase all Skill damage by [1]%.<br>Wands attacks do [2]% more damage of the type of the surface and the cloud the character is standing in.,Misc.lsb
ha422c4f4ge2bbg4cbcgbbf3g505c7ce673d1,WitsDynamicTooltip,"+[1] point(s) = +[2]% Critical Chance, +[3] Initiative, +[4]% damage done by harmful statuses and +[5] Wisdom[6].",Misc.lsb
h4641ef2eg741ag408bg95adg2fe65094c8b6,ConfusedDescription,This character has been magically affected during recovery.,Potion.lsb
he8ede611g2306g4bacga3aag78eccdf928fb,DodgeFatigueDescription,This characters dodging has become less effective.,Potion.lsb
h06098edfg8629g4f30gb6d4g45057f6622ce,FoodPoisoningDescription,Deals [1] damage each turn.,Potion.lsb
h32fcbbfbgec6bg4af4g894ag49fd997307fe,LingeringDescription,"Any attempt to apply Stunned, Petrified, Frozen, Madness, Terrified or Charm will apply Confused instead.",Potion.lsb
h619fc68ag94ccg4c8ag9442g4ad02630ad64,MedusaHeadAuraDescription,Slow enemies in [1] range.,Potion.lsb
h2ceb4cffgfaf3g42b2g95c8g4fad6567f70d,MomentumDescription,Any attempt to apply Knocked Down or Chicken Form will apply Staggered instead.,Potion.lsb
h76856ed3gf1cdg4c63g887fgb4c1fd40952b,PetpalStatusDescription,This summon is weaker.,Potion.lsb
h6268c71cge671g4168g8827g653a7ace2925,PotionFatigue1Description,This character drank too many potions and is experiencing side effects.,Potion.lsb
h9dffbeb7g85b6g4275g8c58g8b0de33c8583,PotionFatigue2Description,This character drank too many potions and could not handle the side effects.,Potion.lsb
h6c5806e8g7bccg4ecdg959eg254d17edbd71,PotionWarningDescription,This character has already drunk one potion during their turn. Drinking another potion before the end of the turn will have side effects.,Potion.lsb
h9e8b6e5bgd7b4g4444g8853g5eb8910285a4,ShieldsUpDescription,The amount of damage going through Physical and Magic Armour is reduced by half.,Potion.lsb
hd281d94fg1f41g4af0ga8c2g69747893e1f2,StaggeredDescription,This character has staggered during their recovery.,Potion.lsb
h277498b7gfd0bg449bga053g3e1dae5ca0b0,LX_AIMING_STANCE_DisplayName,Aiming Stance,RangedStances.lsb
h13ed1461ge8e3g477ag8f51g958c2f4a4727,LX_HUNTERMARK_APPLIED_Description,The next ranged weapon skill from [1] will do 50% more damage and will bypass Accuracy checks.,RangedStances.lsb
h60b4894egad4bg4739gac4agfe88440bce95,LX_HUNTERMARK_APPLIED_DisplayName,Marked for death,RangedStances.lsb
h84fd8ab8gbebag4766g9ae6gf44377bc80e5,LX_HUNTERMARK_Description,"If the aiming stance of the instigator is not broken when this status expires, their next ranged weapon skill will do 50% more damage and bypass Accuracy when targeting this character.",RangedStances.lsb
h824a28cfg6feag40e9gb4aegadb1c9c1b6b1,LX_HUNTERMARK_DisplayName,Hunter's Mark,RangedStances.lsb
hd136cd0dge4efg455bgab63g1c5f09e8b3f7,LX_RAPIDFIRE_Description,Huntsman offensive skills cost less AP but will do less damage as well.,RangedStances.lsb
hc6fd8ccagf282g443cga110g9dee53707a0b,LX_RAPIDFIRE_DisplayName,Rapid fire,RangedStances.lsb
h029d1a4fg5ab0g49e0g9abegc9e15bebca22,LX_REFLEX_STANCE_Description,"Each successful ranged weapon hit done by this character will provide [1]m Celerity, but Accuracy on targets beyond 8m is halved.",RangedStances.lsb
hf9f20bd7gbfe4g4c4bgad59gdc7269f503ed,LX_REFLEX_STANCE_DisplayName,Reflex Stance,RangedStances.lsb
h9e6328c3gd089g40a0g9b27gc128f0ec539a,LX_RELOAD_DisplayName,Reload,RangedStances.lsb
hecc2fd8fged63g414bg9418g03b24ee992f4,LX_RELOAD_PENALTY_Description,Convert Celerity to reduce the cooldown of the last skill used.,RangedStances.lsb
hfb285918gb021g48ecga65cgdf885c76c31a,LX_RELOAD_PENALTY_DisplayName,Reload,RangedStances.lsb
h2fcb1a3fg1529g457dga677g50f4ec549691,LX_SUPPRESSED_Description,"Receiving ranged attacks will reduce further Movement, Celerity, Damage and Wisdom while staying in the suppressed area.",RangedStances.lsb
h1371caecg6f8bg4f1bg8c9ag31fc22292c21,LX_SUPPRESSED_DisplayName,Suppressed,RangedStances.lsb
h77c44af5g4d45g434bgbe54g5fccaef26cd3,Shout_LX_RangedAimingStance_Description,"Set Movement to 0, reduce Dodge by [1]% but increase Accuracy by [2]% and Critical chance by [3]%. Also provides Suppression and Mark for death skills. If the character receives a melee attack, the stance breaks and go on cooldown for 3 turns.",RangedStances.lsb
h2045f341g51b8g4435gbeccg405635077ac2,Shout_LX_RangedAimingStance_DisplayName,Aiming Stance,RangedStances.lsb
hca9195aeg715fg4387gbe13ge48e4ccdf2a3,Shout_LX_RangedReflexStance_Description,Accuracy is reduced by half when attacking targets beyond 8m but each successful hit grants 2 meters of free movement. Also provides Reloading and Rapid fire skills.,RangedStances.lsb
h1db2ada5g0ccag4febg8228g771074232992,Shout_LX_RangedReflexStance_DisplayName,Reflex Stance,RangedStances.lsb
h34ec8c2ega1ecg46b4gbe96gf7070e6678d2,Shout_LX_RangedStances_Description,Change the character stance to provide specific advantages with a bow or a crossbow.,RangedStances.lsb
h6fa29989g3160g479ag9e1cgcde1483eedd0,Shout_LX_RangedStances_DisplayName,Ranger Stances,RangedStances.lsb
hd289e74bgd779g47d8gb225ga4c7526336d2,Shout_LX_RapidFire_Description,Reduce the AP cost of Huntsman skills by 1 but reduces their damage by up to 35% depending on the original cost until the end of the turn. Cannot reduce AP costs below 1.,RangedStances.lsb
h8e14798eg42cfg468fg87efg3da3af53f26f,Shout_LX_RapidFire_DisplayName,Rapid Fire,RangedStances.lsb
h17742d01ga6afg4d36g99efg057be20b47ea,Shout_LX_Reload_Description,Consume available Celerity to reduce the cooldown of the latest Huntsman skill used by 1 turn per 2.5m of Celerity consumed.,RangedStances.lsb
he988464dga06ag4169ga694g853a26a924df,Shout_LX_Reload_DisplayName,Reload,RangedStances.lsb
he277a356g75c7g4ce1g9b3ag6340b43bc512,Target_LX_HunterMark_Description,"Mark the target. If the stance is not broken until next turn, the next skill against the marked target will inflict 50% more damage and bypass Accuracy checks.",RangedStances.lsb
h38811663g88e4g444dgbda2g880b18198a1c,Target_LX_HunterMark_DisplayName,Hunter's mark,RangedStances.lsb
hf6ad3ad9g9ceag4df4g8035gee550741027b,Target_LX_SuppressionFire_DisplayName,Suppression fire,RangedStances.lsb
h22ed7dacg4d3cg4beag92c7g224187547dfe,Target_LX_SuppressionFiret_Description,"Cover an area and sets Suppression on characters you shoot inside, reducing their Celerity by [1], Damage by [2]%, Movement by [3] and Wisdom by [4] for 2 turns and stacks up to 5 times. The suppression area lasts 2 turns.",RangedStances.lsb
heace2e30g4075g428cg8163g3fc8eff9323b,LXDGM_ArmourDamagePass,Armour penetration,Resources.lsb
h8271feceg6b6cg470cg8c8fg5de1ee77a76b,LXDGM_ArmourDamagePass_Description,Set the percentage of damage going through armours.<br>Default : 50,Resources.lsb
h39ded39fg40a6g46a1gafe4gbaf448e4f20a,LXDGM_ArmourDamagePassDepleted,Last armour penetration,Resources.lsb
hf2c55a59ge06dg4e77g8d04g69f9ea668541,LXDGM_ArmourDamagePassDepleted_Description,Set the percentage of damage going through armour when one type of armour is depleted. Additive to the first value.<br>Default : 25,Resources.lsb
h7bcfac6eg76a6g4ccega83bg2ff334058ccc,LXDGM_ArmourReductionMultiplier,Armour Damage Multiplier,Resources.lsb
h579e2544g8e6cg4bbdg92a1g5598996b8f7b,LXDGM_ArmourReductionMultiplier_Description,Apply a multiplier to all Corrosive and Magic damage. <br>Default : 100,Resources.lsb
hcd0b98f8g6ce9g454cg880cgb0358ed18328,LXDGM_AttributeCap,Attributes Soft Cap,Resources.lsb
h6516d420gee6dg45ccgb315gd94c2d8b3bc5,LXDGM_AttributeCap_Description,The number of points you can invest in an attribute. Doesn't concern bonuses from statuses and equipment.<br>Default : 40,Resources.lsb
h5181573egec45g4adcgb6d2g6b8d856c3b4f,LXDGM_BackstabCritChanceBonus,Crit. Chance Backstab Bonus,Resources.lsb
haee8a8d1g10e8g491ag83c8g833c3a4d0fbb,LXDGM_BackstabCritChanceBonus_Description,The damage bonus provided per Critical Chance percent when backstabbing. <br>Default : 0.5<br>,Resources.lsb
h757f2c61g6620g4134ga7efgd7db36630de5,LXDGM_BaseAccuracy,Base Accuracy,Resources.lsb
he8315150gd40cg453dg911bgef5e2cd5ef74,LXDGM_BaseAccuracy_Description,Default : 90<br><font color=#ff0000>Require a game restart</font>,Resources.lsb
h80149363gb072g4531gae22gf187147b9c44,LXDGM_CCParryDuration,CC Recover Duration,Resources.lsb
hdef2f1beg2fc7g4a22gab9eg29c2f0694e4d,LXDGM_CCParryDuration_Description,The duration of Momentum and Lingering when they are triggered. <br>Default : 2<br>,Resources.lsb
h0c972945g2320g4a0agbfebg86667bcf4c7b,LXDGM_CQBPenalty,CQB Ranged Combat Penalty,Resources.lsb
h2cfe726egc70bg459cgb8b8gc2442ce7b9ea,LXDGM_CQBPenaltyRange,CQB Range Threshold,Resources.lsb
h19525dddg3cadg4699g94d2g342b1192a332,LXDGM_CQBPenaltyRange_Description,Set the target distance threshold which defines when do ranged weapons gets a penalty.<br>Default : 2<br>,Resources.lsb
hc5574731g874ag4d82gb4a0gba70af698168,LXDGM_CrossbowPenaltyBase,Crossbow Base Penalty,Resources.lsb
h5d420a72gb8cag4a08gb9ffg774da57dd2f7,LXDGM_CrossbowPenaltyBase_Description,Set the base Movement penalty of Crossbows when they are equipped.<br>Default : -92<br><font color=#ff0000>Require a game restart</font>,Resources.lsb
he6c2c979gd7a7g4926g9180g5d69e9d79d62,LXDGM_CrossbowPenaltyGrowth,Crossbow Penalty Per Level,Resources.lsb
heb8111a8g1b89g4bf6gbf1age84937263ba2,LXDGM_CrossbowPenaltyGrowth_Description,Set the Movement penalty of Crossbows growth per level.<br>Default : -8<br><font color=#ff0000>Require a game restart</font>,Resources.lsb
hc8901962g28ceg4fd9g82c2ge28ef16abd5b,LXDGM_FinesseCriticalChanceBonus,Finesse Critical Chance Bonus,Resources.lsb
h049f29acg76c5g4336ga831g3effd3b94d4e,LXDGM_FinesseCriticalChanceBonus_Description,Default : 1<br><font color=#ff0000>Require a game restart</font>,Resources.lsb
h7b1052abg9968g4acdgb399g989954144550,LXDGM_FinesseGlobalDamageBonus,Finesse Global Damage Bonus,Resources.lsb
h19eab510gec8cg4d4fg92fag5918044ab001,LXDGM_FinesseGlobalDamageBonus_Description,Default : 3,Resources.lsb
h5822708bgb172g42d7g8d1fg948980c9d8eb,LXDGM_FinesseMovementBonus,Finesse Movement Bonus,Resources.lsb
hd5148365gb1f7g4f21g9521gd50d897e5e4a,LXDGM_FinesseMovementBonus_Description,Default : 20<br><font color=#ff0000>Require a game restart</font>,Resources.lsb
hf69fc03eg0a46g4ed6g80e4ga325a7ffe659,LXDGM_FixConstitutionGap,Fix Vitality Gap,Resources.lsb
hbe73e4f8g0448g4a54gaa87g3905ebfeb604,LXDGM_FixConstitutionGap_Description,Use this if you enabled Vanilla Plus on a running save and you witness most characters and items lack some Vitality.,Resources.lsb
hbf283d5cgda64g4436g886cg3452c10aa414,LXDGM_FixConstitutionGap_Message,Warning ! Use it only if you enabled Vanilla Plus in a running save and witness everything lacking Vitality. The fix might be somewhat inaccurate and can potentially break encounters. Proceed ?,Resources.lsb
h69b87598gf85eg4c63g9533ga0aa699de1ce,LXDGM_FlatScaling_Message1,"Warning ! Changing the vitality scaling will break the vitality of the characters on the current map (in story mode) or on all scenes (in GM mode). It is highly recommended that you enable this option during the character creation before starting the game, or if you are in GM mode before creating your scenes. Proceed ?",Resources.lsb
he187433cg29c8g44dag8924gdd2345937ed0,LXDGM_FlatScaling_Message2,"Warning ! Deactivating the linear scaling will break characters vitalities again. If you do it in story mode, it is recommended to do it just before transitioning to a new act. Proceed ?",Resources.lsb
hda7d12b4gfd73g46dag981bg3bcc5d9e8ad1,LXDGM_FlatScalingActivate,Enable Linear Vitality Scaling,Resources.lsb
hab342575gecacg4c17ga4dcg4d2c771f2a24,LXDGM_FlatScalingActivate_Description,"Change the vitality scaling to be linear instead of exponential. The difference of Vitality, Armours and Damage between levels are much lower, avoiding weapons fast obsolescence and making inter-levels combats more fair. <br>Default : off<br><font color=#ff0000>Require a map reload. It is highly recommended to activate this option before starting a new game (during character creation), and deactivating it mid-playthrough will break all NPCs vitality.</font>",Resources.lsb
h1cf47358gd399g486fg9401g6a12b06eb879,LXDGM_FlatScalingDeactivate,Disable Linear Vitality Scaling,Resources.lsb
hdbadc53agb463g47c8gb396gff76b7cc0164,LXDGM_FlatScalingDeactivate_Description,"Switch back to the exponential scaling. Break vitalities of characters on the current map (story mode), or on all scenes (GM mode).",Resources.lsb
hd4f241b4gb997g41efga6c0gb5d38e0ad0b0,LXDGM_IntelligenceAccuracyBonus,Intelligence Accuracy Bonus,Resources.lsb
ha4a2351eg24cdg4f68g8ef6gb7ee91c0c08e,LXDGM_IntelligenceAccuracyBonus_Description,Default : 2<br><font color=#ff0000>Require a game restart</font>,Resources.lsb
hf7f34763g19feg4018gb6f6g4cc298dc512d,LXDGM_IntelligenceGlobalDamageBonus,Int. Global Damage Bonus,Resources.lsb
h5340847eg5242g4a5bgb0dcg581a25c167ce,LXDGM_IntelligenceGlobalDamageBonus_Description,Default : 2,Resources.lsb
hfd01dd86gb216g473fg86a3gb6eddafc79db,LXDGM_IntelligenceSpecialDamageBonus,Intelligence Skill Damage Bonus,Resources.lsb
h4b32fa34gdce0g4683g93aagf3c802c319d7,LXDGM_IntelligenceSpecialDamageBonus_Description,Default : 3,Resources.lsb
hebc78e7bg3775g4da6gbe21g054b280f11ce,LXDGM_ModuleCorrogicDisable,Corrogic,Resources.lsb
hb78e3fa5gfa77g4a00g9228g62b93db293e9,LXDGM_ModuleCorrogicDisable_Description,"If Corrosive or Magic damage is dealt while the corresponding armour is depleted, they will strip resistances for 2 turns. Can be stacked, the resistance loss is proportional to the damage dealt and the max vitality of the target. Can be removed with Fortified or Magic Shell. <br>Default : on<br>",Resources.lsb
h2512e452g4bdcg4631g9f32g67f9b6e5fc99,LXDGM_ModuleDivineTalentsDisable,Divine Talents Plus,Resources.lsb
h0045f23fgb529g49d5gb9f5gab8c0a6a4b17,LXDGM_ModuleDivineTalentsDisable_Description,"Enable talents from Gift Bag 4, with effects slightly adapted to Vanilla Plus gameplay. <br>Default : on<br><font color=#ff0000>Require a game restart</font>",Resources.lsb
he53d3385g125cg49ddgaacegce01ebea865f,LXDGM_ModuleDualCC,Dual CC Resistance,Resources.lsb
h51631525ga7c5g4ff3gbf10ga04307fcdf7e,LXDGM_ModuleDualCC_Description,"When recovering from a hard crowd control effect, both Momentum and Lingering will always be triggered together whatever the crowd control effect it was. <br>Default : off<br>",Resources.lsb
h2e8803d0g3b27g470dgb836g26fcbeb60714,LXDGM_ModuleFallDamageAlternate,Activate Jump fall damage,Resources.lsb
h584b8016g05e3g4c00gbaccg0c441bf1c3f5,LXDGM_ModuleFallDamageAlternate_Description,Activate fall damage when character use Jump skills or Projectile skills moving the character. Damage is not applied for Fly.,Resources.lsb
hfe32bba9g038fg4541g921cge1be27275d5f,LXDGM_ModuleFallDamageClassic,Activate Force fall damage,Resources.lsb
h863fc18ag2674g47e8g9657ge6fb4a5b074f,LXDGM_ModuleFallDamageClassic_Description,Activate fall damage when characters are victim of the Force property of some skills.<br>Scoundrel reduce the height tolerance for each point. Damage is not applied if the victim has Wings.,Resources.lsb
heb12b418g92ccg4bbeg9837gdab77683435b,LXDGM_ModuleLegacyDodge,Dodge Fatigue,Resources.lsb
h7b6b2d7eg13f2g4a8cg9691g811c39d97536,LXDGM_ModuleLegacyDodge_Description,"Enable the old dodge system, triggering Dodge Fatigue instead of Warmup on dodges.<br>Default : off",Resources.lsb
ha0a64a63g9fd2g40edg98b0g421c3099523d,LXDGM_ModuleOriginalChameleonCloak,Classic Chameleon Cloak,Resources.lsb
ha6f17eacgbfdbg4cc2g9734g87d7801fe648,LXDGM_ModuleOriginalChameleonCloak_Description,Revert Chameleon Cloak ability requirements to Polymorph 1 only.<br>Default : off<br><font color=#ff0000>Require a game restart</font>,Resources.lsb
h9ec453a6g6fb1g4f78g9e28g7c1b6495567e,LXDGM_ModuleOriginalTeleport,Classic Teleport,Resources.lsb
hb96acab6g6db2g425fg8e7fg947dc56be642,LXDGM_ModuleOriginalTeleport_Description,Revert Teleport and Nether Swap targetting to unconditional. <br>Default : off<br><font color=#ff0000>Require a game restart</font>,Resources.lsb
h5e0c2cf9g042ag4803gb01bg6128e1246fc9,LXDGM_ModuleRealJump,Real Jump,Resources.lsb
he573ce38g6445g4975g8562ge97ea0a52c79,LXDGM_ModuleRealJump_Description,"This module transforms Cloak and Dagger, Phoenix Dive and Tactical Retreat as projectile equivalents (like Fly with Spread your wings). It applies to everyone. If some NPC still have the classic version, deactivate and reactivate this module.",Resources.lsb
h0bd1a48dg8f40g44b7g9229g826720785117,LXDGM_NPCStatsCorrectionCampaignDisable,Activate stats correction,Resources.lsb
h1b361ce1gd5d3g4c0eg8b8cg7d87658e755f,LXDGM_NPCStatsCorrectionCampaignDisable_Description,Activate the stats correction formula. Strongly recommended when playing Story mode or any Adventure mod that has not been balanced for Vanilla Plus.<br>Default : on<br><font color=#ff0000>Require a game restart</font>,Resources.lsb
hc13ac1f2ge15eg4791ga4bcgca5508715345,LXDGM_NPCStatsCorrectionGM,Activate for GM mode,Resources.lsb
h552b479bg3e56g4ea1gb01fg96d986de5e5f,LXDGM_NPCStatsCorrectionGM_Description,"Activate the stats correction formula for GM mode. This is up to your preferences, but if you already created and balanced encounters, you might need to rebalance them.<br>Default : off<br><font color=#ff0000>Require a game restart</font>",Resources.lsb
h2802446bg3159g4290g9154g8cac4a93eaf1,LXDGM_NPCStatsMainCorrection,Main Attribute Correction,Resources.lsb
hc82cf98agdf5dg41d5gac1bg325ac645fb79,LXDGM_NPCStatsMainCorrection_Description,"The correction indice for the highest damaging attribute for NPCs. The higher it is, the lower will be the final result.<br>Default : 50<br><font color=#ff0000>Require a game restart</font>",Resources.lsb
h4e021a63g8d27g4cf2g865agf52e17ae50c2,LXDGM_NPCStatsNoArchetypeCorrection,General Attribute Correction,Resources.lsb
h6d219e8ag59abg4adegbf53g2f73649ee312,LXDGM_NPCStatsNoArchetypeCorrection_Description,"The correction indice for damaging attribute if there is a tie between two or all three damaging attributes for NPCs. The higher it is, the lower will be the final result.<br>Default : 60<br><font color=#ff0000>Require a game restart</font>",Resources.lsb
hb5c81b75ga23dg44aeg8ceeg6c88bf367e38,LXDGM_NPCStatsSecondaryCorrection,Secondary Attribute Correction,Resources.lsb
he9b44d3fg577fg4d9bgab26g3a6b1910b1f7,LXDGM_NPCStatsSecondaryCorrection_Description,"The correction indice for the damaging attributes that are not the highest for NPCs. The higher it is, the lower will be the final result.<br>Default: 70<br><font color=#ff0000>Require a game restart</font>",Resources.lsb
h8b1768fbgf8edg4ce6gab9dg617267af4852,LXDGM_PerseveranceResistance,Pers. Resistance Bonus,Resources.lsb
h730eb29cgf6a6g4efcg8625g1b7d95925932,LXDGM_PerseveranceResistance_Description,Perseverance Resistance Bonus per point.<br>Default : 5<br>,Resources.lsb
h74f2f4d1gb916g4bccgb635g264d3444d84b,LXDGM_PerseveranceVitality,Perseverance Vitality Restoration,Resources.lsb
h494e1e4egf5b8g4d00gb816g61bbd41a0dee,LXDGM_PerseveranceVitality_Description,Set the percentage of vitality restored when Perseverance proc.<br>Default : 2,Resources.lsb
hffe960e0g8d88g4c63gb285g507247c47d43,LXDGM_PlayerVitalityMultiplier,Player Vitality Multiplier,Resources.lsb
hc13534c0gc9e9g453dgab9bg194a3f41689b,LXDGM_PlayerVitalityMultiplier_Description,Multiply the base vitality of the player characters and summons. <br>Default : 100 <br><font color=#ff0000>Require a game restart</font>,Resources.lsb
h49481882g278cg4223gb275g7758a42e9051,LXDGM_PotionFatigue,Potion Dizziness,Resources.lsb
ha6375589ga989g4860g8d73g58af60e32ce9,LXDGM_PotionFatigue_Description,"The number of potions you need to drink in the same turn before receiving a warning of dizziness. Set to 0 to immediatly get a penalty after the first potion, and -1 to make potions usage brutally punishing. Default : 1.",Resources.lsb
h5c90bf4dg4c11g4bb3gaf93g2caf0bb5c4c0,LXDGM_SettingsUseDefaultAttributeValues,Use recommended attribute values,Resources.lsb
hae29de3agcf14g44f7g9020g90e1fd77694d,LXDGM_SettingsUseDefaultAttributeValues_Description,"If deactivated, you will be able to use custom attributes bonuses. Not recommended if you want to keep an overall balanced experience unless you really know what you are doing.<br>Default : on",Resources.lsb
h3d6fb0f8g0419g4ed0g8f4eg5ecdedbedbad,LXDGM_StaffSkillMult,Staff Skill Damage Multiplier,Resources.lsb
h0b24b325g8818g4552g97ebgcb6a2481f573,LXDGM_StaffSkillMult_Description,Set the skill damage multiplier percentage when a staff is equipped.<br>Default : 10,Resources.lsb
h753b1b3fgdfdfg428fg90e0g9e631beb1f06,LXDGM_StrengthGlobalDamageBonus,Strength Global Damage Bonus,Resources.lsb
h36683e27ge1cag45f9gb7ddgdf954e865e33,LXDGM_StrengthGlobalDamageBonus_Description,Default : 2,Resources.lsb
h75422cb0g14ccg4731g89a7gae632f7669a8,LXDGM_StrengthResistanceIgnore,Str. Resistance Bypass Multiplier,Resources.lsb
h4a738dd3gf483g4913gbc27g5e8eeff26c2b,LXDGM_StrengthResistanceIgnore_Description,Default : 0.15,Resources.lsb
h285f26a1g0683g4a86gae3eg0c69934433b8,LXDGM_StrengthSpecialDamageBonus,Strength Weapon Damage Bonus,Resources.lsb
h562bb140gab7bg4f78gba75g5aaf2cd7f27b,LXDGM_StrengthSpecialDamageBonus_Description,Default : 3,Resources.lsb
hd15c8d51gb26bg460cgaa29g8f2cc4f96877,LXDGM_SummonsDamageBoost,Summons Damage Boost,Resources.lsb
hed14cc79g467bg4d3fgbed6gec529691740e,LXDGM_SummonsDamageBoost_Description,Multiply all damages of summons (ally and enemy). <br> Default: +0% <br><font color=#ff0000>Require a game restart</font>,Resources.lsb
hd573aa44gad41g4232g8040gf59652415d1d,LXDGM_SummonsVitalityMultiplier,Summons Vitality Multiplier,Resources.lsb
h88ed61e9g4d7fg4eb7g81f1g9e7c48dde602,LXDGM_SummonsVitalityMultiplier_Description,Multiply the base Vitality of all summons (ally and enemy). <br>Default : 100 <br><font color=#ff0000>Require a game restart</font>,Resources.lsb
h711b52a9ga71ag458cg82c4gdca0433f24b2,LXDGM_WandSkillMult,Wand Skill Damage Multiplier,Resources.lsb
h6d523ea5g116eg4380g816fg72079d80f321,LXDGM_WandSkillMult_Description,Set the skill damage multplier pencetage when a wand is equipped (can be doubled when dual-wielding).<br>Default : 5,Resources.lsb
h1c81462eg26ceg48a1g8828gdf9254cbdae0,LXDGM_WandSurfaceMult,Wands Surface Bonus,Resources.lsb
h7583bee1g949cg433dg8b2ag94d9a47bef82,LXDGM_WandSurfaceMult_Description,Bonus damage (%) from surface AND cloud the character stands in.<br>Default : 20,Resources.lsb
h5cb3da10g4cddg44eegbefeg72ffb21118ee,LXDGM_WitsDotBonus,Wits Damage Over Time Bonus,Resources.lsb
ha1578450g666bg4b87g8377g1c389879435f,LXDGM_WitsDotBonus_Description,Default : 10,Resources.lsb
hf859c7e8g7e30g48e3ga24aga943a18f0c5c,LXGDM_CQBPenalty_Description,Set the percentage of damage penalty when using a ranged weapon on a target within the CQB range limit.<br>Default : 35,Resources.lsb
h846daabdg90beg4ac9gb930g02e96dcdbd8d,WpnCrossbow,Reduce Movement by [1]m,Resources.lsb
hd3c3e911gca34g4d24g9abeg44369d755d43,BOOK_Skill_Air_JellyfishSkin_DisplayName,Transmute Skin Skillbook,RootTemplates.lsb
h9943e1c0ge10eg40a9gbd4cg10bb7693bdb8,BOOK_Skill_Earth_PoisonousSkin_DisplayName,Transmute Skin Skillbook,RootTemplates.lsb
h67922474g2592g43afg9671g53636c3d0afc,BOOK_Skill_Fire_FlamingSkin_DisplayName,Transmute Skin Skillbook,RootTemplates.lsb
h8f5f2804ga338g4c63gb378ge235ddc7d808,BOOK_Skill_Water_IcySkin_DisplayName,Transmute Skin Skillbook,RootTemplates.lsb
h22a39843gf968g4212g851dg6e121235fa85,Target_Bless_Description,"Bless target character or surface. Prevent Diseased, Decaying, Petrified, Stunned, increase Dodge by [1]%, Accuracy by [2]% and elemental resistances by [3].",Skills.lsb
h2f904fe7g83d0g4d51g8bcfgd6b561ba92e3,Target_BullHorns_Description,"Magnificent horns sprout from your forehead, making you see red. You can rush at your enemies and gore them. Increases Retribution ability by 2 for the duration.",Skills.lsb
hb1796f71g6c96g4c25g9c99gc089814d7494,Cone_Shatter_Description,Deal [1] and set Frozen to the characters in the cone.,Skills.lsb
h3240460dgd250g435bg9ebegc1682089c5ed,Target_CorpseExplosion_Description,"Explode target corpse, dealing [1] in the area.",Skills.lsb
h7e7b669dged21g4b8ag8a44g32bede9e51ae,Shout_Cryotherapy_Description,"Consume frozen surfaces around you and convert them to Magic Armour. If you are Chilled or Frozen, you restore an additional 30% Magic Armour. Remove Chilled, Frozen, Burning and Necrofire.",Skills.lsb
h5d124a78g6932g4f5egb844gf9569ec4d2ba,Shout_DemonicTutelage_Description,"Your inner demon actively watches over you. When an enemy approaches in melee range, they will be pummelled by a demonic fist dealing [1].",Skills.lsb
hcf74a6efg1ab6g45ecgaa12g147f528975ee,Projectile_DeployMassTrap_Description,"Throw [1] explosive traps at target locations. Each trap takes a turn to activate. When active, trap will explode when a character approaches it, dealing [2].",Skills.lsb
h7184b190ge934g49d4g9b5cg67ff537bd723,Projectile_DimensionalBolt_Description,"Shoot a volatile bolt that deals [1], and then creates a corresponding surface. Chaos trigger a random type of damage.",Skills.lsb
h4542353bg043cg4964ga401g7a80dd267e5b,Target_ElementalArrowhead_Description,Target a surface in melee radius. Elemental damage matching that surface is added to your weapon attacks and weapon-based skills.,Skills.lsb
ha742cf9eg80e6g4b43g8106ga4b83bd5e241,Target_WindWalker_Description,Cause target character to teleport in a random direction each time they are attacked. Increases Dodge by [1]% and Air Resistance by [2]%.,Skills.lsb
h9729b9ceg2860g4396g8b3fg9eef86106d4f,Target_Farsight_Description,Unlock ranged attack for your Incarnate. Provides [1] (amount depends on your level). Increases damage by [2]% and increase maximum Vitality by 15%.,Skills.lsb
h9e97f6cdg7b63g4603g9f25g7a515742c55d,Shout_FlamingTongues_Description,"Flaming Tongues protect you, immediately attacking approaching enemies and deals them [1].",Skills.lsb
hc9386e15gf8f2g46efg9ab1g7dc5f3910ae8,Shout_FleshSacrifice_Description,Gain 1 Action Point immediately at the cost of [1] Constitution for 2 turns. Any Action Points over your maximum are lost.,Skills.lsb
hd376dcd8g0707g4bd5g9052g01d558955583,Teleportation_FreeFall_Description,"Teleport a target character or item to a point of your choosing, dealing [1].",Skills.lsb
h9055594bg16a7g48b8g81ffg25bbbf89963b,Shout_Icebreaker_Description,"Sets off a chain reaction that causes ice areas to explode into water puddles, dealing [1] and setting Chilled.",Skills.lsb
h362a94a5g0b60g4be6g9998gd44214d4a78f,Teleportation_LastRites_Description,Sacrifice yourself to bring an ally back to life. Reduce your Vitality to 1 and ressurrects target character with maximum Vitality.,Skills.lsb
h4e6da0a4gcfadg417fgab29g89cca395af8f,LX_AIMING_STANCE_DisplayName,Aiming Stance,Skills.lsb
h16f86affg34ecg4d72g95c5gb30030cde90f,LX_HUNTERMARK_APPLIED_Description,The next skill from [1] will do 50% more damage and will bypass Accuracy checks.,Skills.lsb
hf3e92e17g43ebg4c86gbac0g9d253ea44738,LX_HUNTERMARK_APPLIED_DisplayName,Marked for death,Skills.lsb
h0ecfcf94gc33bg4d76gb180gd91c3bd8b4ed,LX_HUNTERMARK_Description,"If the aiming stance of the instigator is not broken when this status expires, their next skill will do 50% more damage and bypass Accuracy when targeting this character.",Skills.lsb
h467e6fe1g71a6g4923gbfc8g7c6836540199,LX_HUNTERMARK_DisplayName,Hunter's Mark,Skills.lsb
h81a8f07ag2b5fg4a8bga401gb6df3518dd0a,LX_RAPIDFIRE_DisplayName,Reload,Skills.lsb
h88eacd2cgbcc4g4bb5gb695g1eeaec95194f,LX_REFLEX_STANCE_DisplayName,Reflex Stance,Skills.lsb
h739f4ce6g153dg40a6gb27aga6f5a1c8031d,LX_RELOAD_DisplayName,Reload,Skills.lsb
h925e1dd3gaacag412fgb617g5431fe68c642,LX_RELOAD_PENALTY_Description,Convert Celerity to reduce the cooldown of the last skill used.,Skills.lsb
hde987d44ge487g46a7g811dg348a37182f38,LX_RELOAD_PENALTY_DisplayName,Reload,Skills.lsb
h2fdbc13cg3526g4c79ga172g99e08de66287,LX_SUPPRESSED_Description,"Receiving ranged attacks will reduce further Movement, Celerity, Damage and Wisdom while staying in the suppressed area.",Skills.lsb
h9fbd4d14gc3d6g46c1gb283gee10ebe11ac7,LX_SUPPRESSED_DisplayName,Suppressed,Skills.lsb
h1a6bf0edg47eeg4ee8gaa86g5a608e5dda7b,MassCorpseExplosionDescription,"Explode all corpses around you, dealing [1] in the area.",Skills.lsb
hbd366dc5g10a3g48acg9bffg4a11bccb189d,MassCryotherapyDescription,"Each ally consumes frozen surfaces around them, converting the frozen surfaces to Magic Armour. If they are Chilled or Frozen, they restore an additional 30% Magic Armour. Removes Chilled, Frozen, Burning and Necrofire.",Skills.lsb
h195e0642ge46ag4d02g85ecg20a8a0012104,MassOilyCarapaceDescription,"Each ally consumes oil surfaces around them, converting the oil surfaces to Physical Armour. If they are Slowed or Petrified, they restore an additional 30% Physical Armour. Removes Slowed, Petrified and Stunned.",Skills.lsb
hfc25a87dg9103g4602g872dg8ecb8965fc0a,MassSabotageDescription,"Explode two random grenades or arrows in the inventories of every enemy, dealing [1] and set Atrophy in a target circle.",Skills.lsb
hbd5f39f8g78e1g42c8g95b6g1917a8c65816,MasterofsparksDescription,Target character and surrounding allies receive Sparkmaster status that make melee attacks firing sparks that can fork twice at nearby enemies. Each spark hit deals [1].,Skills.lsb
h56cb39a0ge913g4364g97e6g843aca99bcdc,OilyCarapaceDescription,"Consume oil surfaces around you and convert them to Physical Armour. If you are Slowed or Petrified, you restore an additional 30% Physical Armour. Remove Slowed, Petrified and Stunned.",Skills.lsb
h93731b66g32c8g425dg8ed5g9863a8d35279,PowerInfusionDescription,Unlock Whirlwind and Rush for your Incarnate. Provides [1] (amount depends on your level). Increases damage by [2]% and increase maximum Vitality by 15%.,Skills.lsb
hc2c1dcdfg1413g4335gb49fg695dbeb8efdc,Projectile_EnemyOilSpit_DisplayName,Oil Spit,Skills.lsb
h7c3dcbc3gb3f4g4746g9a94g00021c9c2930,ReactiveShotDescription,"Target a circular area. Until your next turn, you will reflexively shoot at the first three enemies moving within this area if you have sight on them.",Skills.lsb
h004cd16fgf0e9g4216g9a3cg2dc6e16fe78a,SabotageDescription,"Deals [1] to the target character and set Atrophy. If target character is carrying grenades or arrows, a random one explodes in their inventory.",Skills.lsb
h42f0b1b6gd786g46ebga04egf56b57d92048,ShadowInfusionDescription,Incarnate learns how to go invisible and strike foes with a corrosive slash. Increases damage by [1]% and maximum Vitality by 15%.,Skills.lsb
h31d2a547g005bg4ee3g8d2ag47720bd4fa1a,Shout_Adrenaline_Description,"Gain 2 Action Points immediately, but lose 3 Action Points next turn. Any Action Points over your maximum are lost.",Skills.lsb
h02f12f9fg9a25g4a95gba27gd65217023ed9,Shout_LX_AimedShot_Description,Increase the Accuracy by [1]% (improved by Intelligence) and Critical Chance by [1]% (improved by Strength) for the next weapon attack.,Skills.lsb
h9f363adeg7345g487fg97f8ga61db7bdb460,Shout_LX_AimedShot_DisplayName,Aimed Shot,Skills.lsb
h677b36c5g2dfag4af4ga41ag2f1f0f85aca1,Shout_LX_RangedAimingStance_Description,"Reduce Movement by [1]%, Dodge by [2]% set Celerity to 0 but increase Accuracy by [3]% and Critical chance by [4]%. Also provides Suppression and Mark for death skills. If the character receives a melee attack, the stance breaks and go on cooldown for 3 turns.",Skills.lsb
hdc2797cag85b7g4c99g8527g5016a2ffebbf,Shout_LX_RangedAimingStance_DisplayName,Aiming Stance,Skills.lsb
h306dea20g79ddg4ae4gaa3cg206215dfa11f,Shout_LX_RangedReflexStance_Description,Accuracy is reduced by half when attacking targets beyond 8m but each successful hit grants 2 meters of free movement. Also provides Reloading and Rapid fire skills.,Skills.lsb
haff7a737gdaa3g46d5gbe5cg5dd7743e3b30,Shout_LX_RangedReflexStance_DisplayName,Reflex Stance,Skills.lsb
hf037b2e6g44afg4bbcgb15fg075efbdb3476,Shout_LX_RangedStances_Description,Change the character stance to provide specific advantages with a bow or a crossbow.,Skills.lsb
h221949cbgcfc0g434egac2ag4c5ea847d59f,Shout_LX_RangedStances_DisplayName,Ranger Stances,Skills.lsb
hbbd712c6g4cf0g4326gb646g6f7db12d1439,Shout_LX_RapidFire_Description,Reduce the AP cost of Huntsman skills by 1 but reduces their damage by up to 35% depending on the original cost until the end of the turn. Cannot reduce AP costs below 1.,Skills.lsb
h72372d45g6237g49b2ga06fg69963977ca60,Shout_LX_RapidFire_DisplayName,Rapid Fire,Skills.lsb
hcda0cc81gb5ebg4408g95a5g2e9cc85f7d37,Shout_LX_Reload_Description,Consume available Celerity to reduce the cooldown of the latest Huntsman skill used by 1 turn per 2.5m of Celerity consumed.,Skills.lsb
hf02ca430g5439g4d51gaff6g22355bd4e963,Shout_LX_Reload_DisplayName,Reload,Skills.lsb
h9f10a6bdgfc4fg4af8gb213gb7081cb9eda2,Shout_LX_TransmuteSkin_Description,Transmute your skin with elements to gain new properties.,Skills.lsb
h8c8b69b0g710eg4ed6gb86fg3206130ea716,Shout_LX_TransmuteSkin_DisplayName,Transmute Skin,Skills.lsb
hb0408ca4g5c61g4e89g91d0gcb14ef6da93f,Shout_VacuumAura_Description,Deal [1] damage to enemies in the area. Caster receives an aura that sets Silence and Suffocating on enemies.,Skills.lsb
he72efc5fg2dddg459dgb224gd0f0f97fdd0a,Shout_VacuumAura_DisplayName,Vacuum Aura,Skills.lsb
hd4d51fddgb38cg4394ga485gf37cb37523d0,SiphonPoisonDescription,Remove poison surfaces and clouds. Gain poison damage bonus to weapon attacks and weapon-based skills (dependent upon size of poison area cleared) for 2 turns and your weapon attacks now also set Acid for 1 turn (3 turns if Venom Coating is also active).,Skills.lsb
h0897c725g76cbg4ab7ga0ceg31a5294abbf8,SkinGraftDescription,"Reset all cooldowns but remove your armours for 2 turns. Removes Burning, Necrofire, Poisoned, Bleeding, Momentum and Lingering.",Skills.lsb
h0fe63523g3caeg4e46g8152geabd390080af,SparkstrikerDescription,"Receive Sparkstriker status. This causes your melee attacks to create a Spark projectile that bounces off the initial target to hit the closest enemy, dealing [1].",Skills.lsb
h7650995bg0673g4ccfg82eeg66ad641811e8,Target_Challenge_CursorTooltip,Challenge:<br>+[1]ï¿½% Damage<br>+[2] Physical Armour<br>+[3]Magic Armour<br>[4] Vitality heal<br>If failure: [4] damage received.,Skills.lsb
hf827c53ege83cg44afgaaacge92cb957fdf4,Target_DeathsDoor_Description,"For 2 turns, your target character's Vitality cannot be reduced below 1 point, keeping them alive against all odds. If the target is a summon, their lifetime will be prolonged for the duration. Once the effect expires, the character receive Forbearance for 2 turns, preventing any other death resist effect to be applied while it is active.",Skills.lsb
hbce8b81ag1259g4a30g99f9g1f99e9b74583,Target_ElementalArrowheads_DisplayName,Elemental Weapons,Skills.lsb
h03ff3173g4c29g4f69ga115g9eacc87b1c89,Target_Fatality_Description,Deal [1] damage. Damage is doubled if you are sneaking or invisible.,Skills.lsb
hf04494b3ge90ag4233g9eadg30f93dbcbdf2,Target_LX_HunterMark_Description,"Mark the target. If the stance is not broken until next turn, the next skill against the marked target will inflict 50% more damage and bypass Accuracy checks.",Skills.lsb
hb3a26792g5213g4080g9352g77ff6cf2757c,Target_LX_HunterMark_DisplayName,Hunter's mark,Skills.lsb
h89c6aab1ge516g4fe9g86adge7ae966ccfc3,Target_LX_SuppressionFire_DisplayName,Suppression fire,Skills.lsb
hb24d74dcgfab9g4976g9584g1ab2346801ce,Target_LX_SuppressionFiret_Description,"Cover an area and sets Suppression on characters you shoot inside, reducing their Celerity by [1], Accuracy by [2]% and Ingress by [3] for 2 turns and stacks up to 5 times. The suppression area lasts 2 turns.",Skills.lsb
h60ef5d4ag817dg4564g9c6eg9bc2339a55d5,TerrifyDescription,Destroy [1] on target enemy. They are Terrified for 1 turn.,Skills.lsb
h5e26d4e3g63d5g4415gbe5ag4bc3e42bb995,ThrowExplosiveTrapDescription,"Throw an explosive trap at target location. Trap takes 1 turn to activate. When active, the trap will explode when a character approaches it, dealing [1].",Skills.lsb
h71b09f9fg285fg4532gab16g1c7640864141,TooltipBonusLevel,Damage is based on your level and trigger the additional skill bonus from Intelligence.,Skills.lsb
ha4cfd852g52f1g4079g8919gd392ac8ade1a,TooltipBonusWeapon,Damage is based on your basic attack and trigger the additional bonus from both Strength and Intelligence.,Skills.lsb
hfb851683g738cg4b48g8fd8g478d375c030a,WarpInfusionDescription,"Incarnate learns a teleport skill, and a skill to swap places with its master. Increases damage by [1]% and maximum Vitality by 15%.",Skills.lsb
h32b3f391g84c8g4350gb6c1gc0577fd7372a,AcidDescription,Inflict [1] each turn.,Statuses.lsb
hae68ba97g6072g46fagb9d3g7c289a0e7511,BullHornsDescription,"Magnificent horns sprout from your forehead, making you see red. You can rush at your enemies and gore them. Increases Retribution ability by 2 for the duration.",Statuses.lsb
he3d3ef27gc4e2g4271ga838ge227b9193ef7,DGM_AIMEDSHOT_Description,Next weapon attack beneficiate of Accuracy and Critical Chance boost.,Statuses.lsb
he5970b83g4f56g4348g8d23g39bce69f8c3c,DGM_AIMEDSHOT_DisplayName,Aimed Shot,Statuses.lsb
h565877e2g71eag43aag928fgfee5ca4f0c4f,DGM_WARMUP_DisplayName,Warmup,Statuses.lsb
hc7851209gc2d8g4332g865dgae162ed9708b,DGM_WARMUP2_DisplayName,Warmup (2),Statuses.lsb
hae2334ccg2f64g45aaga94dgf4ce0f03a7a6,DGM_WARMUP3_DisplayName,Warmup (3),Statuses.lsb
h1c89538dg51d5g451dgac1agaf4de9de70bf,DGM_WARMUP4_DisplayName,Warmup (4),Statuses.lsb
h8124ee04g9685g465ag99f3g2f8043bd74db,LX_FORBEARANCE_Description,Prevent statuses which grants a death resist effect to be applied.,Statuses.lsb
hf4b8b267gc763g481bgbd5bga9b7b3aa1b54,LX_FORBEARANCE_DisplayName,Forbearance,Statuses.lsb
h715373cbg7d5ag4d96gbe04g12f02ce2f0cd,LX_OILED_Description,Character body is covered with inflammable oil.,Statuses.lsb
h8bd0907bg9018g4f99gb534gc1b5b1cabbaf,LX_OILED_DisplayName,Oiled,Statuses.lsb
hf83ad08bg0071g4e56ga59cgb20a7582487d,LX_SHIELD_AIR_DisplayName,Air Absorption,Statuses.lsb
hef5b4ec4ge333g4a87g986cg3ed74b22348b,LX_SHIELD_ALL_DisplayName,Damage Absorption,Statuses.lsb
hf057399cg861ag4a33ga7c9g4499f85017f2,LX_SHIELD_EARTH_DisplayName,Earth Absorption,Statuses.lsb
h8071c537g81a0g4ba8g989dg148af4e03af8,LX_SHIELD_ELEMENTAL_Description,Absorb the next incoming [2].,Statuses.lsb
hb17eb43fg09fbg492cg80adge28b3994742a,LX_SHIELD_FIRE_DisplayName,Fire Absorption,Statuses.lsb
hbd8379a5ga1a2g4b38gb489gfe7c4eea3ae1,LX_SHIELD_PHYSICAL_DisplayName,Physical Absorption,Statuses.lsb
ha8075074g465fg49f5gb0acg54af096d6b81,LX_SHIELD_PIERCING_DisplayName,Piercing Absorption,Statuses.lsb
h552573bcg2ecag488bgb382ge54822f8c678,LX_SHIELD_POISON_DisplayName,Poison Absorption,Statuses.lsb
h9bfd7c0fg0b2eg4e18g9c51g28172cc575ea,LX_SHIELD_WATER_DisplayName,Water Absorption,Statuses.lsb
hf3893f8fg20c5g4078ga83cgef8783082103,AllSkilledUp,The first skill used each turn has its cooldown reduced by one turn (minimum 1).,Talents.lsb
hf3cd8067g36c0g4b48ga4dfg361f33579b43,Ambidextrous,Ambidextrous reduces the cost of using grenades and scrolls by 1 AP when your off-hand is free. Refund the AP cost for 2 equipment switches per turn (except for Crossbows).,Talents.lsb
h6a4d6da0g29cfg44ecg8913g5a0a76cf1bbd,ArrowRecovery,"Arrow Recovery provides a 33% chance to recover a special arrow after shooting it, and removes the close-quarters damage penalty of ranged weapons.",Talents.lsb
h06c77362g1304g4f81ga661g695dc6b814bc,Demon,"A character with Demon has an extra 20% Fire Resistance, but takes a 15% penalty to Water Resistance. Additionally, the maximum Fire Resistance is raised by 10 and grants immunity to Burning and Necrofire.",Talents.lsb
hc453e399ge1f5g41f1gaeabgcdd4de833c63,DemonIceKing,"A character with [1] has an extra 20% [3], but takes a [4]% penalty to [5]. Additionally, the maximum [3] is raised by [6]. Demon grants immunity to Burning and Necrofire. Ice King increases all Water damage you deal by 20% and grants immunity to Chilled.",Talents.lsb
h8ddc8dd4ge8feg4420ga6dag0d87ce8ec743,DuckDuckGoose,[1] lets you evade attacks of opportunity. Increases your Dodge by 5% and Movement by 1m per AP.,Talents.lsb
hfc8981a1g8f84g49c8ga8b4g17564a836c45,DuelistDescription,"Duelist increases AP Start and Recovery by 1, and Max AP by 1, if you are wielding a Single-Handed weapon with a free off-hand.",Talents.lsb
hd980a2a1gc33eg4810gafc8g07f55ba70245,DuelistDisplayname,Duelist,Talents.lsb
h3886606fg0cc0g49b9g9bbcg3ea8baa4c040,ElementalAffinity,,Talents.lsb
h7a2f1a05g4b52g4ec2g8354g1f92a8bf442d,ElementalRanger,Ranged weapons (including wands) deal 20% additional damage of the type of the surface the target stands on. Using a grenade or an arrow also now provide 1 turn of Elemental Weapons of the same type.,Talents.lsb
hcb8f9837gdf0fg4a01ga7d6g5ed522b74189,Escapist,"[1] allows you to flee combat even when enemies are close by. Provides immunity to Crippled, Entangled and Enwebbed.",Talents.lsb
h98163163g695ag4813gb105g3ade9ea09050,Executioner,[1] gives you [2] extra Action Points after dealing a killing blow once per turn and increase Movement by 2m for 1 turn.,Talents.lsb
h46770f2agdbb8g47eag9e0eg65ac47bde918,GlassCannon,"With [1], you start every combat round with Maximum AP, but Magic and Physical Armour are nullified and do not protect you from statuses.",Talents.lsb
ha79ac9a4g91ceg4fbfg9b70ge273d5f12090,Haymaker,Your attacks never miss but cannot deal critical strikes (except backstabs not triggered by skills and if your weapon has higher level than you). Convert the critical bonus from Wits to resistance bypass.,Talents.lsb
he94327f7g293dg488eg9d25gcb4f7ae7be24,Hothead,"While above 75% Vitality, Hothead provides 10% Critical Chance and 10% Accuracy.",Talents.lsb
hbd257f75g9084g4c73g9db0g77d418e677c9,IceKing,"A character with Ice King has an extra 20% Water Resistance, but takes a 15% penalty to Fire Resistance. Additionally, the maximum Water Resistance is raised by 10. All Water damage you deal are increased by 20% and grants immunity to Chilled.",Talents.lsb
haa3cebcagba62g47bbg8546gf0c154e0e46f,Indomitable,"You gain immunity to stunned, frozen, knocked down, polymorphed, petrified, crippled for 1 turn after being affected by one of these statuses. Can happen once every 3 turns. Increase the duration of Momentum and Lingering by 1 turn.",Talents.lsb
h81ca938fg5ef4g452agb093g1294e2f0718b,Leech,Leech heals you when standing in blood. Also increases Lifesteal by 25%.,Talents.lsb
h34fa90bdg6d1fg4ee8gb3e7g8c3694c70fae,MagicCycles,"At the start of an encounter, you gain one of two statuses: Cycle of Fire and Water or Cycle of Earth and Air. Cycle of Fire and Water increases your Pyrokinetic and Hydrosophist by 3. Cycle of Earth and Air increases your Geomancy and Aerotheurgy by 3. Statuses swap each turn.",Talents.lsb
hbde985cfgb1c4g4bb6g9a61gbec72c9b4ed6,Mnemonics,Mnenomic doubles all points invested in Memory.,Talents.lsb
h278b2bccg1afcg4314gbfcbgb10105ebc12b,MorningPerson,"When resurrected, you resurrect to full health. When your turn is skipped because of incapacitating effect(s), you start your next turn with 2 additional AP. You also start combat with 2 stacks of Warmup.",Talents.lsb
h00f565c4g6178g424fgb031g41a2c12bf85d,ParryMasterDescription,[1] gives you [2]% Dodging while dual wielding.,Talents.lsb
h42b4c1e3g7c07g400dg8924g2807a024e6bb,PetPal,"Pet Pal enables you to talk to animals. Also increases your maximum number of summons by 1, but reduces their damage and Vitality by 50%.",Talents.lsb
h90812fdfg4f53g49afg8a97g42aefdeb508c,SavageSortilege_Description,"[1] gives all magical skills a critical chance equal to your critical chance score, and increase your Critical chance by 10%.",Talents.lsb
hfb8eec35g3339g4762g8382g712e74a2ac0b,Slingshot,[1] adds an extra [2]m range to your grenade throws and increase their damage by 30%.,Talents.lsb
h8fc505abgfadbg4481g8d79gb73e606117d7,Soulcatcher,"When an allied character dies, a Zombie Crawler is raised at their corpse, under their control. Zombie Crawler lasts 3 turns or until character is resurrected. Range 12m. Does not affect summoned creatures. Can happen only once per turn.",Talents.lsb
h878c02c0gc629g470dg955cg80dc2a125cb2,Stench,"Stench decreases everyone's attitude towards you by [2], but melee opponents find you less attractive in combat. Increases your Poison resistance by 30% and makes you immune to Diseased and Infected.",Talents.lsb
h6d76eb15gdb1ag4ebeg8001g58173516a923,WalkItOff,"Walk It Off reduces all status durations by 1 turn, including positive statuses. Does not affect statuses with a duration of 1 turn. Also increases elemental resistances by 8% and Physical and Piercing resistances by 4% each time you are directly hit by a character, up to a maximum of 3 times until the next turn.",Talents.lsb
h527a0df4g280bg4ef8g9d85ga06b5bf3c777,LX_WA_AXE_Description,The next hit done by a weapon skill can execute the target.,WeaponArts.lsb
h27667c0cg7af9g4ab5gb1cdgf0c1097a6544,LX_WA_AXE_DisplayName,Weapon art: Execution,WeaponArts.lsb
h3513f9bbg92fbg498bga6c5geacbdab6a6ae,LX_WA_DUALWIELDING_Description,Next weapon skill AP cost decreased by 1 and damage reduced proportionnally. Cooldown increased by 30% (rounded up),WeaponArts.lsb
h850a0c0fgb8b8g434cga343g4ed71dcb7fea,LX_WA_DUALWIELDING_DisplayName,Weapon art: Maneuver,WeaponArts.lsb
h5124b201g8b5cg42c7g85a1g0996e9e5b00e,LX_WA_MACE_Description,"Crush the ground at the impact location for Cone skills or at the final location of a Rush skill, dealing additional weapon damage.",WeaponArts.lsb
hc30081a6g026fg46e1gb896g8fea5f9b553f,LX_WA_MACE_DisplayName,Weapon art: Blast impact,WeaponArts.lsb
h081b648dg1868g4027g927fg756199a151ed,LX_WA_RANGEPLUS_Description,Increases the range of the next melee skill by 50% (rounded down),WeaponArts.lsb
h2ff0068eg8f9eg4c21g8210g6c8a303f1723,LX_WA_RANGEPLUS_DisplayName,Weapon art: Outstanding reach,WeaponArts.lsb
h94f21956g2aa1g4a23g93acg4448f0cf7f84,LX_WA_TWOHANDED_Description,The next weapon skill AP cost increased by 1 and damage increased proportionnally. Cooldown reduced by 30% (rounded up),WeaponArts.lsb
hbf05cb6bg95e9g4db0g9a82ga124bd771c44,LX_WA_TWOHANDED_DisplayName,Weapon art: Two handed mastery,WeaponArts.lsb
h8bae73b1g3972g44beg9a7ag85b217e324ef,LX_WEAPON_EXECUTE_Description,The next hit done with a weapon skill will benefit from an execute value of [1].,WeaponArts.lsb
hb1254607g0f9fg4de0ga256gc7b27bfaef98,LX_WEAPON_EXECUTE_DisplayName,Armed Execution,WeaponArts.lsb
hd94bc977gcba1g4297g802ag310b4730cf3b,Shout_LX_WeaponArtAxe_Description,"The next hit done by a weapon skill can will provide an execution range of half the damage done. If the target is not executed, the execution range is kept for 3 turns or until a target is executed. Can be stacked.",WeaponArts.lsb
h72da1797g0710g42d0ga9a5g1c21b7305ed1,Shout_LX_WeaponArtAxe_DisplayName,Weapon art: Swift chop,WeaponArts.lsb
h68a95c65g048ag4e86g93edg0f87fc4f50e8,Shout_LX_WeaponArtDualWielding_Description,Next weapon skill AP cost decreased by 1 and damage reduced proportionnally. Cooldown increased by 30% (rounded up),WeaponArts.lsb
h179ef1c9g8af3g4ab2gb2cagdabdbe62b49b,Shout_LX_WeaponArtDualWielding_DisplayName,Weapon art: Maneuver,WeaponArts.lsb
hbb5d7a4cg3868g43e5g9c2bg9aff15016e7f,Shout_LX_WeaponArtMace_Description,"Crush the ground at the impact location for Cone skills or at the final location of a Rush skill, dealing [1] damage per AP spent",WeaponArts.lsb
h09d27242g6434g43c4gae3bgb845753a3ab0,Shout_LX_WeaponArtMace_DisplayName,Weapon art: Blast impact,WeaponArts.lsb
haece3a57g40feg42f9g8cddgc69068c32640,Shout_LX_WeaponArtSpear_Description,Increases the range of the next melee skill by 50% (rounded down),WeaponArts.lsb
he929ee5fgfd07g4782g9344g406105175ad5,Shout_LX_WeaponArtSpear_DisplayName,Weapon art: Outstanding reach,WeaponArts.lsb
h7897cac8g5ec5g4099g8817g6e9f9beb4722,Shout_LX_WeaponArtTwoHanded_Description,The next weapon skill AP cost increased by 1 and damage increased proportionnally. Cooldown reduced by 30% (rounded up),WeaponArts.lsb
h35d2a6e4g30f8g4ce9g8fceg1e87f13d190c,Shout_LX_WeaponArtTwoHanded_DisplayName,Weapon art: Two handed mastery,WeaponArts.lsb
hbe66e251g2e6bg4412gb651g6ef6ad271aa1,Target_AxeAttack_Description,"Perform a heavy attack that deals [1]. If the target armour corresponding to the main damage of the axe is stripped, it also deals 8% of the user max Vitality (up to 75% of the damage done by the hit) as the main axe damage but also increases cooldown by 1 turn.",WeaponArts.lsb
h01c46179g3349g48b8g8f84gae408db7d84b,Target_HeavyAttack_DisplayName,Recklessness,WeaponArts.lsb
h1eb02aceg710bg468dgbdecgf2eb25848581,Target_LX_MaceCrush_Description,"Strike the target to deal [1]. Deals an additional 80% of this hit as armor damage corresponding to the main damage type of the mace. If there is no armor before the hit, cooldown is reduced by 1 turn.",WeaponArts.lsb
he04458dag5caag4a8ega1fbg813ae5548cec,Target_LX_MaceCrush_DisplayName,Crush Armor,WeaponArts.lsb
h2c9d8627gae2ag4ab6g8080gde819d82462f,Target_SwordCleave_Description,"Perform a swipe cleaving all enemies within 3 meters of the target, dealing [1]. Each hit beyond the second character increases the cooldown by 1.",WeaponArts.lsb
h7515c312gd726g49a5g92b5g0b7766cc5b6c,Target_SwordCleave_DisplayName,Cleave,WeaponArts.lsb
hb9957da3g81c9g4fecg8760g913444b41439,Zone_LX_SpearAttack_Description,"Execute a long range thrust, dealing [1] over 8 meters. When hitting more than two characters, cooldown is increased by 1 turn for each additional hit.",WeaponArts.lsb
h7586aa05gbabfg40dbg8a0bgc648343b41a3,Zone_LX_SpearAttack_DisplayName,Lightning Throw,WeaponArts.lsb
h93240e19b294e82a616e4f6ba7dd4d0,Stats_LX_WalkItOff_DisplayName,Walk It Off,
hfb65e67b40347518e21dd7e66b63f2e,Stats_LX_WalkItOff_2_DisplayName,Walk It Off (2),
hd58c304cb6745379129d63496ddb692,Stats_LX_WalkItOff_3_DisplayName,Walk It Off (3),
h73b235180a1444c9e756fbae95c441b,Stats_LX_WalkItOff_4_DisplayName,Walk It Off (4),
he683b3391a14f1fb471c76797b3c355,Stats_LX_WalkItOff_5_DisplayName,Walk It Off (5),
h9b7f83940094cb991d577b1b058e97e,Stats_LX_PetPal_DisplayName,Pet Pal (Summon),
h974e35dfa394a88b80d31925ac63711,Stats_LX_Staggered_DisplayName,Staggered,
h4d6ccedca1644a8b834180b8b05d6d4,Stats_LX_Staggered_Description,This character has staggered during their recovery.,
h656ae6d9ad745f09cb1985b5a109138,Stats_LX_Staggered2_DisplayName,Staggered (2),
h5f003938574404bad8591b472013593,Stats_LX_Staggered3_DisplayName,Staggered (3),
h63ebce1b9cb4119915215ba9e14eaba,Stats_LX_Confused_DisplayName,Confused,
h5f67fc5c2cc49d7924a80972b171035,Stats_LX_Confused_Description,This character has been magically affected during recovery.,
h06102da404340c2a395edcc8567d177,Stats_LX_Confused2_DisplayName,Confused (2),
he5ed10f76f140f6a21dafd1370a7489,Stats_LX_Confused3_DisplayName,Confused (3),
h4cdfbebadf945cd8a3c2cf44c5f07a1,Stats_LX_DodgeFatigue_DisplayName,Dodge Fatigue,
h2809dd502ac4a5bb6c7bb9439ffd97a,Stats_LX_DodgeFatigue_Description,This characters dodging has become less effective.,
h550c20fb7fb470498754099ebb99ec9,Stats_LX_DodgeFatigue2_DisplayName,Dodge Fatigue (2),
hbf68b2b01ee4db69b8b8adcbe413954,Stats_LX_DodgeFatigue3_DisplayName,Dodge Fatigue (3),
hd456ccb55ac431f8a001b71f1416513,Stats_LX_DodgeFatigue4_DisplayName,Dodge Fatigue (4),
hbdb0f32701a4729b5152126c986feb8,Stats_LX_Leech_DisplayName,Leech,
ha3f7dc877b54fdb8d344eb92513ef48,Stats_LX_Demon_DisplayName,Demon,
h3e152033eec4c7998ba417bcef38d78,Stats_LX_DDGoose_DisplayName,Duck Duck Goose,
ha76263752df4f3594a4dc149d0719fc,Stats_LX_Hothead_DisplayName,Hothead,
h89c4ac4ef7d45bd9db42502cf9e5635,Stats_LX_PetPalSummoner_DisplayName,Pet Pal (Summoner),
h41fd19396164bee92b59434560898a6,Stats_LX_Duelist_DisplayName,Duelist,
h6857550d72f4227bd465306ee8413d3,Stats_LX_PotionFatigue2_DisplayName,Potion Fatigue,
hdfc38bef37d479cac6a5813ad76a46a,Stats_LX_PotionFatigue2_Description,This character drank too many potions and could not handle the side effects.,
h3b0fe3f8e014902b92f7bce2b055533,Stats_LX_PotionFatigue1_DisplayName,Potion Fatigue,
h3baeed145ba4f2eab3f502d337f61bd,Stats_LX_PotionFatigue1_Description,This character drank too many potions and is experiencing side effects.,
h9acf83a42db4d7780334e9db1e410c7,Stats_LX_IceKing_DisplayName,Ice King,
hea637ec19104b469e85b29f7ba518fd,Stats_LX_Adrenaline_DisplayName,Adrenaline,
ha7ff8768d0e4061bf6100ae0ae22202,Stats_LX_Perseverance_DisplayName,Perseverance,
hab75026797a42e9a2290e2cfc2c38be,Stats_LX_SavageSortilege_DisplayName,Savage Sortilege,
h5dff898d089469994e120de120bc4a9,Stats_LX_Escapist_DisplayName,Escapist,
h64e9d6f91d24a3f9309b98e14444147,Stats_LX_Stench_DisplayName,Stench,
h3740771dee243c4bfbc51914497d850,Stats_LX_Reload_DisplayName,Reload,
h773eff831784f51b756886b09825982,Stats_LX_AimingStance_DisplayName,Aiming stance,
he10ea2b02dc468884b43fde20f7913d,LX_REFLEX_BONUS_DisplayName,Hit and Run,
h44567e6f526483ea0c9af134b6293b7,Stats_LX_ReflexBonus_DisplayName,Hit and run,
hbfbcc639375468fab2f170cf7d019ee,Stats_LX_Suppressed_DisplayName,Suppressed,
h4989248bcd745d99c4e34c02a5268bd,LX_UNSTABLE_COOLDOWN_DisplayName,Equalized,
h50fce18859d4bb5978500b22f2d8b98,LX_UNSTABLE_COOLDOWN_Description,Unstable effect won't trigger.,
h5d78a905f30407c861d46c67741bb48,LX_GUERILLA_COOLDOWN_DisplayName,Caught Attention,
h5846d0d7eb544478e82ab21bd3ac8b8,LX_GUERILLA_COOLDOWN_Description,GUERILLA effect won't trigger.,
h754e9c61a2d47f79a65ae4c0bb45f52,LX_WALKITOFF_2_DisplayName,Walk It Off,
h879af38df614b11b5408b348438dbc5,LX_WALKITOFF_DisplayName,Walk It Off,
h90a9d0dba7d44d48c12abfbe9f505b1,LX_WALKITOFF_3_DisplayName,Walk It Off,
hf0d227d4a3b4f01ace8207511594b85,LX_WALKITOFF_4_DisplayName,Walk It Off,
h6cf543003d3415ab0a6eaa3f1806d60,LX_WALKITOFF_5_DisplayName,Walk It Off,
haf0eb61f7a7431e809c0138621c3b7b,LX_PETPAL_DisplayName,Weaker Summon,
hfe1db98117841d3a58bd7d812ec0eaa,LX_PETPAL_Description,This summon is weaker.,
h4cd3aab419045efb93868ae8cdd10fc,LX_STAGGERED_DisplayName,Staggered,
h85d84c4547341f7acbf2810054fba20,LX_STAGGERED_Description,This character have staggered during his recovery.,
h5d3fab054bb437da642931bc2dcd9e2,LX_STAGGERED2_DisplayName,Staggered (2),
h44c3be168884d81b04754286d1e99eb,LX_STAGGERED2_Description,This character have staggered during his recovery.,
h46e6b49ebad492493a9ce97d9698bc1,LX_STAGGERED3_DisplayName,Staggered (3),
h8851715d5db4b8fb3282f40284c06a9,LX_STAGGERED3_Description,This character have staggered during his recovery.,
h9c6cca022bb455c982225f1be8a41b2,LX_CONFUSED_DisplayName,Confused,
h96c2eb71f684d2f9c391d5fff3f46cc,LX_CONFUSED_Description,This character have been magically affected during recovery.,
h1de788e76784be3a0bd10b8ce6cb364,LX_CONFUSED2_DisplayName,Confused (2),
h9bce8f435c14ee3bc6bb0cd287b652d,LX_CONFUSED2_Description,This character have been magically affected during recovery.,
h6938e71e80f4594951cbd3f600304c5,LX_CONFUSED3_DisplayName,Confused (3),
hdfbeda344fc48fb9fc3a3e8f8823369,LX_CONFUSED3_Description,This character have been magically affected during recovery.,
he99294e66b2415ea54028172886e29e,LX_MOMENTUM_DisplayName,Momentum,
he15678e63d04da5a15e9bd98d469a0a,LX_MOMENTUM_Description,Any attempt to apply Knocked Down or Chicken will apply Staggered instead.,
hdf8ff60a9c442b69b6ae664ecd850b5,LX_LINGERING_DisplayName,Lingering,
hfe46fd72dbb4949a591a6217afd00c5,LX_LINGERING_Description,"Any attempt to apply Stunned, Petrified, Frozen, Madness, Terrified or Charm will apply Confused instead.",
h0563f442c7e4c308e64964c3217f7f1,LX_DODGE_FATIGUE1_DisplayName,Dodge Fatigue,
h71547a7184a460498a91e6f56731523,LX_DODGE_FATIGUE1_Description,This character dodges become less effective.,
hef30d7a1ada45db89db085469f24342,LX_DODGE_FATIGUE2_DisplayName,Dodge Fatigue (2),
h61221df2e3144c9ad8eedde58415cdc,LX_DODGE_FATIGUE2_Description,This character dodges become less effective.,
hfa1c31ac2c34600929f6beb43ef4f55,LX_DODGE_FATIGUE3_DisplayName,Dodge Fatigue (3),
h41d66a881d341a49ed614fae3e6bf59,LX_DODGE_FATIGUE3_Description,This character dodges become less effective.,
h6716fd1925d4a0eb45ec65ecf56f5db,LX_DODGE_FATIGUE4_DisplayName,Dodge Fatigue (4),
h0d01f5a80d44d82ae5c0d3120cf5039,LX_DODGE_FATIGUE4_Description,This character dodges become less effective.,
h427eddb9f4e4b62b0a0a5658c48e549,ARROWHEAD_FIRE_DisplayName,Burning Weapons,
he50d054ca944a49af394f2b552abbe1,ARROWHEAD_FIRE_Description,Adds [1] to weapon attacks and skills.,
hdb6e86ea37c4282aece5e7e6521478c,ARROWHEAD_WATER_DisplayName,Water Weapons,
h0ac9161ec0d4835af820d94926244c3,ARROWHEAD_WATER_Description,Adds [1] to weapon attacks and skills.,
h6055d636ece47eda1bc56cc67acb161,ARROWHEAD_POISON_DisplayName,Poison Weapons,
h4bf761a47c84908b51019d378ae88f8,ARROWHEAD_POISON_Description,Adds [1] to weapon attacks and skills.,
hf291cd9ec8142e8ae3db8ea4f0ec7c6,ARROWHEAD_ELECTRIC_DisplayName,Electric Weapons,
h272dbe7ac424534a24d86e28ea276af,ARROWHEAD_ELECTRIC_Description,Adds [1] to weapon attacks and skills.,
hc22e60c20d346f5bb827d85536b2e0f,ARROWHEAD_BLOOD_DisplayName,Bloody Weapons,
ha2414f842324d4e934a2602779bb9b1,ARROWHEAD_BLOOD_Description,Adds [1] to weapon attacks and skills.,
h18a9f2c4cf5460ab117af55f43e6306,ARROWHEAD_OIL_DisplayName,Oily Weapons,
ha81350de36c41e6a675af377aae1fe1,ARROWHEAD_OIL_Description,Adds [1] to weapon attacks and skills.,
hde14d53152f489eae8d23aae4e2d3ab,LX_POTIONWARNING_DisplayName,Potion Dizziness,
h5002b1c74274300ad844d44892562eb,LX_POTIONWARNING_Description,This character drank a lot of potions. One more potion and it's an overdose !,
hbf39c58ccb2487fa17040172a0422c8,LX_POTIONFATIGUE2_DisplayName,Potion Poisoning,
h3faf23902cb422cb9b11c47af7f36c7,LX_POTIONFATIGUE2_Description,This character drank too much potions and could not handle the side effects.,
hed687d2c01d41e7846749389399eb17,LX_POTIONFATIGUE1_DisplayName,Potion Poisoning,
h6db5c71219a45cd980b9b85243114a5,LX_POTIONFATIGUE1_Description,This character drank too much potions and start to have side effects.,
h6fcea98ba2c434196ea35ccdbe553dc,LX_SHIELDSUP_DisplayName,Shields Up,
h753c6de57f2441cb2b16fcdc816ee5e,LX_SHIELDSUP_Description,The amount of damage going through armors is reduced by half.,
h450cd36725047e18c43d5d14a28fb76,LX_FOOD_REGENERATION_DisplayName,Well fed,
h9de555bf7c24d53a408cce79bb20ba7,LX_FOOD_REGENERATION_Description,Regenerate 1% Vitality per turn during combat.,
h99a21ef662941578658fe5d999e6918,LX_FOOD_CLEAN_DisplayName,Purge,
h7339bcb92224045a6344da6fd68aaac,LX_FOOD_REGENERATION2_DisplayName,Well fed,
he6deae432d44e998e3197e853b25bf8,LX_FOOD_REGENERATION2_Description,Regenerate 2% Vitality per turn during combat.,
h54ddbb5e34d490ebefa52509173852b,LX_SLOWED_DisplayName,Slowed,
h3f5bd4f27374eb1b86127279e63a2a4,LX_OILYCARAPACE_DisplayName,Oily Carapace,
hb355f0a2fa9434ab19bd3411a233f66,LX_OILYCARAPACE_Description,Reduce damage going through Physical armour by 100%,
h2ea7ec2d20c4564bc60632a01d08b70,LX_CRYOTHERAPY_DisplayName,Cryotherapy,
hcd36538d3df46a2964a453cf5431584,LX_CRYOTHERAPY_Description,Reduce damage going through Magic armour by 100%,
hc42dc2eef8d4fceb9d0c45cbdce3f11,LX_INCQB_DisplayName,Close Quarter Penalty,
h3c52b21de644ef19e2ce3b92e5c749e,LX_INCQB_Description,"If you attack this character with a ranged weapon, the damage will be lowered.",
hbde73c5fa874fd9ad637bf00bc1c271,SIPHON_POISON_Description,Adds [2] damage to your weapon attacks and skills. They now also set Acid for 1 turn (3 if Venom Coating is active).,
h6df8a1172bd491cb075d6d18b51f511,VENOM_COATING_Description,Adds [1] to weapon attacks and skills.,
hfd7d29fe7294de2a6c0497be0cdc5e4,VENOM_AURA_Description,Adds [1] to weapon attacks and skills.,
ha50568df60f4f30834f271deb1697ef,FIRE_BRAND_Description,Adds [1] to weapon attacks and skills.,
h3f60156f9d5456a93725677459602eb,FIRE_BRAND_AURA_Description,Adds [1] to weapon attacks and skills.,
h4b471498c39452aaeafef0a8353f37f,LX_ADRENALINE_DisplayName,Adrenaline,
ha633e05bd934230b0b4702c622e1f59,LX_PERSEVERANCE_DisplayName,Perseverance,
hfde0e962cef47ff8338cdb009ee8db5,LX_EXECUTIONER_DisplayName,Executioner,
h331826ef43c476f8933e9069138dc3c,LX_GB4_MC_EA_DisplayName,Cycle of Earth and Air,
h52c7b7c1cc146d1907cb9a4f76c5187,LX_GB4_MC_WF_DisplayName,Cycle of Water and Fire,
h7df54bb88424ab991e08fa2e36e09db,LX_INDOMITABLE_DisplayName,Indomitable,
h521465b4eda42ab92d0b80984ee2fb4,LX_INDOMITABLE_CD_DisplayName,Exhausted,
h2abed3439de4db0adf630be8b90bde9,LX_INDOMITABLE_CD_Description,The Indomitable talent won't have any effect while this status is present.,
h292f5d3758c472191d772cc5c0908f8,LX_GLADIATOR_CD_DisplayName,Gladiator,
h889621d297940b0857929c1bd33800c,LX_GLADIATOR_CD_Description,The Gladiator talent won't have any effect while this status is present.,
h7a3942ebf604395a6d1875f86ed31b6,LX_SOULCATCHER_DisplayName,Soulcatcher,
h833f58aa88048d18f880a219d739fb2,LX_SOULCATCHER_Description,Raised as a zombie until status expires or character is resurrected.,
hdafa20396c04362a923493356b97281,LX_GB4_JITTERBUG_CD_DisplayName,Escaped,
ha96afd006d747ba8b14ddd10b16a7a4,LX_GB4_JITTERBUG_CD_Description,The Jitterbug talent won't have any effect while this status is present.,
h5f238e3f915415a9b83ea1aecefde96,LX_SOULCATCHER_CD_DisplayName,Soulcatcher,
hd031f59098b44859d7c342ac1187ff9,LX_SOULCATCHER_CD_Description,The Soulcatcher talent won't work while this status is active.,
hf5891ed985c4f18ac10b9bdc7276220,LX_CORROGIC_DisplayName,Resistance Corrosion,
he6e8dfea3de45e2971a10e56086ef34,LX_CORROGIC_Description,Resistances are lowered by Corrosive and/or Magic armour damage on Vitality. Cured by Fortified and Magic Shell.,
hfbc2a2311a24f0b810f2da3db6318ff,DGM_WARMUP_Description,The character adapt their blows to the moving targets.,
hef7d0dc3d8b47a7aa7e07912c92c309,Shout_LX_WeaponArtDagger_DisplayName,Weapon art: Prefidious stab,
h49736ffe22f401d991e7d3faf5f29b0,Shout_LX_WeaponArtDagger_Description,Status applied by the next weapon skill will bypass the armour check. Statuses affected by Torturer have their power increased by 50%.,
hc58c9726cfd4f3d8226f9c424549706,LX_WA_DAGGER_DisplayName,Weapon art: Perfidious stab,
hafd4549df0045b7ad65bdf85a0a51b7,LX_WA_DAGGER_Description,Status applied by the next weapon skill will bypass the armour check. Statuses affected by Torturer have their power increased by 50%.,
h4c7081c4dcd4206899828e793f00e7d,Shout_LX_WeaponArtSword_DisplayName,Weapon art: Counter-attack,
hf5927545d0a4b6590980386aa1a92eb,Shout_LX_WeaponArtSword_Description,"Once used, a weapon skill can be selected. It will go on cooldown (with a 35% reduction, rounded up) but it will be automatically used after the first enemy attacking if it is in range. Damage dealt by the counter-attack reduced by 50%.",
hc2f84bf74864f64b6b85e53e6cae44a,LX_WA_SWORD_PREPARE_DisplayName,Weapon art: Counter-attack (prepare),
h2883d29a6a848ce9a3cfdc1d499ca09,LX_WA_SWORD_PREPARE_Description,Select a weapon skill to prepare for counter-attack.,
hfa9428d4f024a70b6f5a12b43dad259,LX_WA_SWORD_DisplayName,Weapon art: Counter-attack,
hdbc9d4aa6a543d8a7c0d087cee0a57b,LX_WA_SWORD_Description,This character will use a prepared skill to counter-attack if the attacker is in range.,
h0c9097ad36a4c728692524cc10a9489,Shout_LX_WeaponArtTrueStrike_DisplayName,Weapon art: True Strike,
h405609819794d9c9acb1089824e69b8,Shout_LX_WeaponArtTrueStrike_Description,"The next weapon attack have a bonus accuracy of 3 times the current Warmup bonus, but damage is also reduced by the same percentage.",
h1956ddb0afc4d8289e07ec03c265a43,LX_WA_TRUESTRIKE_DisplayName,Weapon art: True Strike,
h7d2c7c932804544b61d81d0d9da7f93,LX_WA_TRUESTRIKE_Description,+[1] Accuracy and -[2]% damage on the next weapon attack,
ha3618d6958548b2a1ef56b81e2ace9c,Projectile_Grenade_SilverPowder_DisplayName,Silver Powder Grenade,
h01cd91a235c41589e37f63e9c96435b,Projectile_Grenade_SilverPowder_Description,Deals [1] and sets Suffocating for 2 turns.,
h1ccb7f3d26e401eb5e8803c451599cf,LX_FOOD_POISONED_DisplayName,Food Poisoning,
h4314d438c6b4ffb8f929dfd5eabe18d,LX_FOOD_POISONED_Description,Deals [1] damage each turn.,
